SourceVariable,Dateset Counts
e,232
age,192
sex,171
c,82
group,46
gender,42
hand,42
handedness,35
participant,21
participant_id,20
Age,17
ht,16
weight,13
date,12
pi,11
time,9
MeasurementToolMetadata,9
type,9
IQ,9
rest,9
race,8
session,7
problem,7
height,7
condit,6
ethnicity,6
Sex,6
CTOPP_BW_StS,6
CTOPP_EL_StS,6
WJ-III_WA_StS,6
WJ-III_WordID_StS,6
TOWRE_Total_StS,6
WASI_BD_Raw,6
WASI_FSIQ,6
WASI_MR_Raw,6
WASI_PIQ,6
WASI_Sim_Raw,6
WASI_VIQ,6
WASI_Vocab_Raw,6
diagnosis,6
condition,5
Gender,5
sn,5
CTOPP_RD_StS,5
WJ-III_PassComp_StS,5
BMI,5
education,5
mri,5
bmi,4
WJ-III_BRS_StS,4
TOWRE_PD_Raw,4
TOWRE_PD_StS,4
TOWRE_SW_Raw,4
TOWRE_SW_StS,4
WASI_BD_T-Score,4
WASI_MR_T-Score,4
WASI_Sim_T-Score,4
WASI_Vocab_T-Score,4
CTOPP_MD_StS,4
CTOPP_NR_StS,4
CTOPP_PhonemicMemory_Comp,4
WJ-III_OralComp_StS,4
WJ-III_PV_StS,4
WJ-III_RF_StS,4
status,4
behavior,4
Education,4
Pr,4
dominant_hand,3
forrest_ad_known,3
forrest_seen,3
forrest_seen_count,3
forrest_seen_dist,3
forrest_seen_languages,3
hearing_problems_current,3
hearing_problems_past,3
vision_problems_current,3
vision_problems_past,3
DOB,3
dataset,3
breathing,3
coil,3
MMSE,3
Drug,3
study,3
run1,3
run2,3
run3,3
run4,3
source,3
duration,3
BIS,3
CTOPP_BW_Raw,3
CTOPP_EL_Raw,3
CTOPP_PhonAwareness_Comp,3
CTOPP_RapidNaming_Comp,3
CTOPP_RD_Raw,3
CTOPP_RL_Raw,3
CTOPP_RL_StS,3
WJ-III_PassComp_Raw,3
WJ-III_WA_Raw,3
WJ-III_WordID_Raw,3
family_history_ADD,3
family_history_behavioral_problems,3
family_history_learning_problems,3
family_history_neurological_problems,3
father_age,3
father_behavioral_problems,3
father_drug_alcohol_abuse,3
father_emotional_problems,3
father_highest_grade,3
father_learning_problems,3
father_medical_problems,3
father_occupation,3
father_speech_problems,3
individual_education_plan/504_plan,3
learning_preference_demonstrations,3
learning_preference_discussions,3
learning_preference_other,3
learning_preference_peer-interactions,3
learning_preference_teacher,3
learning_preference_visual,3
lives_with,3
math_disability_diagnosis,3
math_disability_tested,3
mother_age,3
mother_behavioral_problems,3
mother_drug_alcohol_abuse,3
mother_emotional_problems,3
mother_highest_grade,3
mother_learning_problems,3
mother_medical_problems,3
mother_occupation,3
mother_speech_problems,3
other_classroom_type,3
primary_language,3
reading_disability_diagnosis,3
reading_disability_tested,3
regular_classroom,3
school_type,3
skipped_grades,3
skipped_grades_other,3
speech_delay,3
speech_delay_explanation,3
speech_language_therapy,3
struggle_math,3
struggle_reading,3
tutoring_math,3
tutoring_reading,3
ADHD_HI_Raw,3
ADHD_IA_Raw,3
ADHD_Total_Raw,3
Handedness,3
STAI,3
CTOPP_BW_raw,3
CTOPP_EL_raw,3
CTOPP_PhonAwareness _Comp,3
WJ-III_WA_raw,3
WJ-III_WordID_raw,3
scan_time,3
ht_in,3
s_total,3
task,3
Group,3
sans13,2
sans17,2
sans22,2
sans8,2
saps20,2
saps25,2
saps34,2
saps7,2
acquisition_date,2
Experiment_Date,2
HR,2
field,2
sedation,2
AgeGroup,2
ISI,2
date_of_scan,2
institution,2
institution_id,2
manufacturer,2
manufacturers_model_name,2
dpum,2
forrest_av_artist_count,2
forrest_av_fatigue,2
forrest_av_feeling,2
forrest_av_rating,2
forrest_av_storydepth,2
age_ses-T1,2
age_ses-T2,2
height_in,2
weight_lbs,2
bodyfat,2
Education level (1-9),2
Employment,2
ERQ expression,2
ERQ processing,2
ERQ reappraisal,2
ERQ suppression,2
fmri TR,2
Loneliness,2
Marital status,2
MOT_error_mean,2
MOT_latency_md,2
MOT_latency_mean,2
PSWQ,2
RTI_five_accuracy,2
RTI_fiveMT,2
RTI_fiveMT_md,2
RTI_fiveMT_mean,2
RTI_fiveMT_sd,2
RTI_fiveRT,2
RTI_fiveRT_sd,2
RTI_simple_accuracy,2
RTI_simpleMT_md,2
RTI_simpleMT_mean,2
RTI_simpleMT_sd,2
RTI_simpleRT_md,2
RTI_simpleRT_mean,2
RTI_simpleRT_sd,2
RVP_A,2
RVP_falsealarms,2
RVP_latancy_mean,2
RVP_latency_md,2
RVP_probhit,2
SOC_meanmoves2,2
SOC_meanmoves3,2
SOC_meanmoves4,2
SOC_meanmoves5,2
SOC_prob_minmoves,2
SSP_spanlength,2
tumor location,2
tumor type & grade,2
handedness score,2
d'_bells,2
d'_voices,2
difference_PC,2
mean_miss_ans,2
mean_PC,2
mean_PC_anne,2
mean_PC_betty,2
mean_PC_chloe,2
mean_RT,2
mean_RT_anne,2
mean_RT_betty,2
mean_RT_chloe,2
miss_ans_run1,2
miss_ans_run2,2
miss_ans_run3,2
miss_ans_run4,2
PC_anne1,2
PC_anne2,2
PC_anne3,2
PC_anne4,2
PC_bells_lab,2
PC_betty1,2
PC_betty2,2
PC_betty3,2
PC_betty4,2
PC_chloe1,2
PC_chloe2,2
PC_chloe3,2
PC_chloe4,2
PC_run1,2
PC_run2,2
PC_run3,2
PC_run4,2
PC_voices_lab,2
RT_anne1,2
RT_anne2,2
RT_anne3,2
RT_anne4,2
rt_bells,2
RT_betty1,2
RT_betty2,2
RT_betty3,2
RT_betty4,2
RT_chloe1,2
RT_chloe2,2
RT_chloe3,2
RT_chloe4,2
RT_run1,2
RT_run2,2
RT_run3,2
RT_run4,2
rt_voices,2
CTOPP_MD_raw,2
CTOPP_NR_raw,2
CTOPP_RapidNaming _Comp,2
CTOPP_RD_raw,2
CTOPP_RL_raw,2
CTOPP_RL_ScS,2
WJ-III_AS_StS,2
WJ-III_BR_StS,2
WJ-III_Calc_raw,2
WJ-III_Calc_StS,2
WJ-III_OralComp_raw,2
WJ-III_PassComp_raw,2
WJ-III_PV_raw,2
WJ-III_RF_raw,2
WJ-III_Spell_raw,2
WJ-III_Spell_StS,2
EF,2
dwi,2
T1w,2
sans1,2
sans2,2
ns1,2
ns2,2
ps2,2
ps3,2
eye,2
saps2,2
saps3,2
ht_ft,2
dx,2
ageCategory_y,2
bai_1y,2
bai_crossover,2
bai_post,2
bai_pre,2
cgii_1y,2
cgii_post,2
lsassr_1y,2
lsassr_crossover,2
lsassr_post,2
lsassr_pre,2
madrss_1y,2
madrss_crossover,2
madrss_post,2
madrss_pre,2
qoli_1y,2
qoli_crossover,2
qoli_post,2
qoli_pre,2
sadDuration_y,2
scid_sad_diagnosis_1y,2
scid_sad_diagnosis_post,2
sias_1y,2
sias_crossover,2
sias_post,2
sias_pre,2
sps_1y,2
sps_crossover,2
sps_post,2
sps_pre,2
spsq_1y,2
spsq_crossover,2
spsq_post,2
spsq_pre,2
sud_anticipatory_distress_1y,2
sud_anticipatory_distress_post,2
sud_anticipatory_distress_pre,2
sud_anticipatory_fear_1y,2
sud_anticipatory_fear_post,2
sud_anticipatory_fear_pre,2
treatment,2
subID,2
CTOPP_MD_Raw,2
CTOPP_NR_Raw,2
WJ-III_OralComp_Raw,2
WJ-III_PV_Raw,2
TOWRE_PDE_Raw,2
TOWRE_PDE_StS,2
TOWRE_SWE_Raw,2
TOWRE_SWE_StS,2
WASI_BD_ScS,2
WASI_MR_ScS,2
WASI_Sim_ScS,2
WASI_Vocab_ScS,2
PPVT-III_Raw,2
PPVT-III_StS,2
WRAT_ARITH_Raw,2
WRAT_ARITH_StS,2
WRAT_SPE_Raw,2
WRAT_SPE_StS,2
sleep,2
Cooperativeness,2
Dependence,2
Persistence,2
height (cm),2
Smoking,2
weight (kg),2
absolute_pitch,1
audioq1,1
audioq2,1
audioq3,1
audioq4,1
audioq5,1
audioq6,1
audioq7,1
audioq8,1
background_preference1_duration,1
background_preference1_genre,1
background_preference2_duration,1
background_preference2_genre,1
background_preference3_duration,1
background_preference3_genre,1
concert_preference1_duration,1
concert_preference1_genre,1
concert_preference2_duration,1
concert_preference2_genre,1
concert_preference3_duration,1
concert_preference3_genre,1
english_comprehend,1
english_read,1
english_speak,1
english_write,1
favorite_music_examples,1
forrest_ad_artist_count,1
forrest_ad_fatigue,1
forrest_ad_feeling,1
forrest_ad_rating,1
forrest_ad_storydepth,1
french_comprehend,1
french_read,1
french_write,1
german_comprehend,1
german_read,1
german_speak,1
german_write,1
h√∂rtraining,1
language4_comprehend,1
language4_read,1
language4_speak,1
language4_write,1
listen_preference1_duration,1
listen_preference1_genre,1
listen_preference2_duration,1
listen_preference2_genre,1
listen_preference3_duration,1
listen_preference3_genre,1
melodic_stability,1
music_lover,1
music_training_analytics,1
music_training_composition,1
music_training_harmonics,1
music_training_history,1
music_training_improv,1
music_training_other,1
musician,1
musician_act1,1
musician_act1_duration,1
musician_act1_endage,1
musician_act1_startage,1
musician_act2,1
musician_act2_duration,1
musician_act2_endage,1
musician_act2_startage,1
musician_act3,1
musician_act3_duration,1
musician_act3_endage,1
musician_act3_startage,1
musician_conductor,1
musician_improv,1
musician_improv_style,1
musician_instruments,1
musician_other_activities,1
musician_style1,1
musician_style2,1
musician_style3,1
bis-11_attention,1
bis-11_attn_impuls,1
bis-11_cog_complex,1
bis-11_cog_instability,1
bis-11_motor,1
bis-11_motor_impuls,1
bis-11_nonplan_impuls,1
bis-11_perseverance,1
bis-11_self-control,1
bisbas_bas-drive,1
bisbas_bas-fun-seeking,1
bisbas_bas-reward-respons,1
bisbas_bis,1
cpt-ii_adhd-index,1
cpt-ii_commissions,1
cpt-ii_detectability,1
cpt-ii_hit-rt,1
cpt-ii_hit-rt-block-change,1
cpt-ii_hit-rt-isi-change,1
cpt-ii_hit-se,1
cpt-ii_hit-se-block-change,1
cpt-ii_hit-se-isi-change,1
cpt-ii_omissions,1
cpt-ii_perseverations,1
cpt-ii_response-style,1
cpt-ii_variability,1
fallypride_injected_dose_specific_activity,1
flanker_diff-rt-incong-cong,1
flanker_numwrong-cong,1
flanker_numwrong-incong,1
fmri_scan_date,1
kirby-long-prop-LL,1
kirby-short-prop-LL,1
neo-n_anxiety,1
neo-n_depression,1
neo-n_hostility,1
neo-n_impulsive,1
neo-n_self-conscious,1
neo-n_vuln-to-stress,1
panas-actual_ha,1
panas-actual_han,1
panas-actual_hap,1
panas-actual_la,1
panas-actual_lan,1
panas-actual_lap,1
panas-actual_n,1
panas-actual_p,1
panas-ideal_ha,1
panas-ideal_han,1
panas-ideal_hap,1
panas-ideal_la,1
panas-ideal_lan,1
panas-ideal_lap,1
panas-ideal_n,1
panas-ideal_p,1
pet_scan_date,1
race_ethnicity,1
scan_date_difference,1
sss_bs,1
sss_dis,1
sss_es,1
sss_tas,1
sss_total,1
stroop_t-score-color,1
stroop_t-score-color-word,1
stroop_t-score-interference,1
stroop_t-score-word,1
tova_adhd-score,1
tova_commission-err-first-half,1
tova_commission-err-second-half,1
tova_commission-err-total,1
tova_dprime-first-half,1
tova_dprime-second-half,1
tova_dprime-total,1
tova_omission-err-first-half,1
tova_omission-err-second-half,1
tova_omission-err-total,1
tova_rt-first-half,1
tova_rt-second-half,1
tova_rt-total,1
tova_rt-var-first-half,1
tova_rt-var-second-half,1
tova_rt-var-total,1
tpq-ns_disorder,1
tpq-ns_exploratory_excit,1
tpq-ns_extravagance,1
tpq-ns_imp,1
upps_lack-pers,1
upps_lack-premed,1
upps_negative-urgency,1
upps_positive-urgency,1
upps_sens-seek,1
yrs_edu,1
CFLUNOVA,1
d4prime,1
DST_SCALE,1
FAMILYPICT_SCALE,1
fyrschool,1
LFLUNOVS,1
LNS_SCALE,1
LOGIALMEMORY_SCALE,1
myrschool,1
nback0_nont,1
nback0_nont_medrt,1
nback0_targ,1
nback0_targ_medrt,1
nback1_nont,1
nback1_nont_medrt,1
nback1_targ,1
nback1_targ_medrt,1
nback2_nont,1
nback2_nont_medrt,1
nback2_targ,1
nback2_targ_medrt,1
parent_yrsschool,1
sans25,1
SST_SCALE,1
TRAILB,1
WAIS_MATRICS_SCALE,1
WAIS_VOCAB_SCALED,1
WCSTPSVE,1
yrschool,1
z_dis_4grp,1
z_em_4grp,1
z_iq_4grp,1
z_neg_4grp,1
z_pos_4grp,1
z_ra_4grp,1
z_wm_4grp,1
breathing_rate,1
SLD_datetime,1
SLI_datetime,1
SSD_datetime,1
SSI_datetime,1
VLD_datetime,1
VLI_datetime,1
VSD_datetime,1
VSI_datetime,1
ADHD_medication,1
AS36_inhibition_1st-friend-rating,1
AS36_inhibition_2nd-friend-rating,1
AS36_inhibition_self-rated,1
AS36_monitoring_1st-friend-rating,1
AS36_monitoring_2nd-friend-rating,1
AS36_monitoring_self-rated,1
AS36_switching_1st-friend-rating,1
AS36_switching_2nd-friend-rating,1
AS36_switching_self-rated,1
RPM,1
TAO,1
genotype,1
SpO2,1
Temperature,1
Weight,1
feedback_type,1
BADD_Activation,1
BADD_Affect,1
BADD_Attention,1
BADD_Effort,1
BADD_Memory,1
BADD_Total,1
BFI_Agreeableness,1
BFI_Conscientiousness,1
BFI_Extraversion,1
BFI_Neuroticism,1
BFI_Openness,1
BIS11_Attentional,1
BIS11_Motor,1
BIS11_Nonplanning,1
BIS11_Total,1
BMI1,1
BMI2,1
Contraceptives,1
ECS,1
EducationLevel,1
ESS,1
EverBeenInStudyBefore,1
FellAsleepSession1,1
FellAsleepSession2,1
GeneralImpression1,1
GeneralImpression2,1
HADS_Anxiety,1
HADS_Depression,1
IRI_EC,1
IRI_F,1
IRI_PD,1
IRI_PT,1
KSQ_CompensatoryMorningSleep,1
KSQ_ConcernDisturbedSleep,1
KSQ_ConcernFatigue,1
KSQ_EnoughSleep,1
KSQ_HealthProblem,1
KSQ_MorningOrEveningPerson,1
KSQ_NapDuration,1
KSQ_NapFrequency,1
KSQ_OverallSleepQuality,1
KSQ_Panic,1
KSQ_SleepQualityIndex,1
KSQ_SleepSymptomIndex,1
KSQ_SnoringSymptomIndex,1
KSQ_TotalSleepRequirement,1
KSQ_WakeupSymptomIndex,1
KSQ_WeekdayBedTime,1
KSQ_WeekdayRiseTime,1
KSQ_WeekendBedTime,1
KSQ_WeekendRiseTime,1
KSQ_Worry,1
MenstrualPhaseSession1,1
MenstrualPhaseSession2,1
OtherDrugs,1
PAn/aS_Negative,1
PAn/aS_Negative_byScanner.x,1
PAn/aS_Negative_byScanner.y,1
PAn/aS_Positive,1
PAn/aS_Positive_byScanner.x,1
PAn/aS_Positive_byScanner.y,1
PPIR_BE,1
PPIR_C,1
PPIR_CN,1
PPIR_DR,1
PPIR_FE,1
PPIR_IR15,1
PPIR_IR40,1
PPIR_ME,1
PPIR_RN,1
PPIR_SOI,1
PPIR_STI,1
PPIR_VR,1
PSS14,1
PVTEffort1,1
PVTEffort2,1
PVTMotivation1,1
PVTMotivation1.1,1
SawThroughEMGElectrodes,1
SawThroughZPG,1
SelfRatedHealth,1
SelfRatedHealth_byScanner.x,1
SelfRatedHealth_byScanner.y,1
SicknessQ,1
SicknessQ_byScanner.x,1
SicknessQ_byScanner.y,1
Sl_cond,1
SleepDeprivedSession1,1
SleepDeprivedSession2,1
SRH5,1
SRH5_byScanner.x,1
SRH5_byScanner.y,1
STAI_T,1
StrategyARROWS,1
TAS20_DDF,1
TAS20_DIF,1
TAS20_EOT,1
TAS20_Total,1
TestTimeType_1,1
TestTimeType_2,1
Trial,1
PANAS_Positive,1
PANAS_Negative,1
PANAS_Positive_byScanner.x,1
PANAS_Negative_byScanner.x,1
PANAS_Positive_byScanner.y,1
PANAS_Negative_byScanner.y,1
affected_eye,1
dominant_eye,1
RNFL_OD,1
RNFL_OS,1
VA_OD,1
VA_OS,1
vCD_OD,1
vCD_OS,1
VFI_OD,1
VFI_OS,1
% Analgesia WOMAC,1
% Analsesia VAS,1
Response,1
atta_verbal,1
atta_visual,1
caq,1
cbi,1
receive_coil_name,1
researcher,1
software_versions,1
day_post_infusion,1
MRI_acquisition_date,1
Viral_infusion_date,1
viral_vector,1
acq_date,1
session_label,1
cesd,1
dpic,1
dpim,1
dpuc,1
fm_years,1
hlpnss,1
mgnftn,1
pcs,1
pic1,1
pic2,1
pim1,1
pim2,1
psp,1
puc1,1
puc2,1
pum1,1
pum2,1
rmntn,1
stai,1
state,1
trait,1
avg_rating,1
BOLD in VOI Olf,1
Id12items,1
MnExposition,1
notes,1
Obvolume_mm3,1
design_order1,1
design_order2,1
design_order3,1
design_order4,1
design_order5,1
ageAtFirstScanYears,1
EstimateOfHoursPlayingActionVideoGamesPerweekInLastYear,1
efs_runs,1
protocol,1
rs_runs,1
isoflurane,1
med.bolus,1
med.infusion,1
med.route,1
BNT,1
CERAD Constructional praxis,1
CERAD Construtional praxis (delayed),1
CERAD word list,1
Phonetic fluency,1
Semantic fluency,1
STROOP color,1
STROOP interference,1
STROOP reading,1
TMT A,1
TMT B,1
WAIS-III digits test,1
WMS-III logical memory I,1
WSM-III logical memory II,1
gender_F,1
birthday,1
clothes_buy_freq,1
exp_env,1
financial_indep,1
fish_affin,1
fish_eating_period,1
free_market_affin,1
perm3,1
wealth,1
exclude,1
handgrip_condition,1
hormone_group,1
oneback,1
raven_percent,1
raven_score,1
threeback,1
twoback,1
CTQ-EmotAbuse,1
CTQ-EmotNeglect,1
CTQ-PhysAbuse,1
CTQ-PhysNeglect,1
CTQ-SexAbuse,1
drug-1,1
drug-2,1
drug-3,1
HAM-D,1
YMRS,1
Zanarini-1,1
Zanarini-2,1
Zanarini-3,1
Zanarini-4,1
Zanarini-5,1
Zanarini-6,1
Zanarini-7,1
Zanarini-8,1
Zanarini-9,1
final_dB,1
quiz_score,1
education_degree,1
education_years,1
BAS_drive,1
BAS_fun_seeking,1
BAS_reward_responsiveness,1
KBIT2_IQ,1
KBIT2_nonverbal_standard,1
KBIT2_verbal_standard,1
NIHToolbox_9hole_pegboard_dexterity,1
NIHToolbox_cognition_crystallized_composite,1
NIHToolbox_dimensional_change_card_sort,1
NIHToolbox_flanker_inhibitory_control_attention,1
NIHToolbox_list_sorting_working_memory,1
NIHToolbox_oral_reading_recognition,1
NIHToolbox_pattern_comparison_process_speed,1
NIHToolbox_picture_sequence_memory,1
NIHToolbox_picture_vocabulary,1
NEOFFI_agreeableness,1
NEOFFI_conscientiousness,1
NEOFFI_extraversion,1
NEOFFI_neuroticism,1
NEOFFI_openness,1
follow_up,1
included_probe_after,1
included_probe_follow_up,1
ses-T1_task-Mult_run-01,1
ses-T1_task-Mult_run-02,1
ses-T1_task-Num_run-01,1
ses-T1_task-Num_run-02,1
ses-T1_task-Rhyming,1
ses-T1_task-Sub_run-01,1
ses-T1_task-Sub_run-02,1
ses-T2_task-Mult_run-01,1
ses-T2_task-Mult_run-02,1
ses-T2_task-Num_run-01,1
ses-T2_task-Num_run-02,1
ses-T2_task-Rhyming,1
ses-T2_task-Sub_run-01,1
ses-T2_task-Sub_run-02,1
WJ-III_MathFluency_Raw,1
WJ-III_MathFluency_StS,1
WJ-III_SpatialRelations_Letter,1
WJ-III_SpatialRelations_Raw,1
WJ-III_SpatialRelations_StS,1
AWMA-S_VerbalSTM_Raw,1
AWMA-S_VerbalSTM_StS,1
AWMA-S_VerbalWM_Raw,1
AWMA-S_VerbalWM_StS,1
AWMA-S_VisuoSpatialSTM_Raw,1
AWMA-S_VisuoSpatialSTM_StS,1
AWMA-S_VisuoSpatialWM_Raw,1
AWMA-S_VisuoSpatialWM_StS,1
struggle_reading_explanation,1
ADHD_HI_%,1
ADHD_IA_%,1
ADHD_Total_%,1
KeyMath_Measurement_Raw,1
KeyMath_Measurement_ScS,1
KeyMath_Numeration_Raw,1
KeyMath_Numeration_ScS,1
KeyMath_ProblemSolving_Raw,1
KeyMath_ProblemSolving_ScS,1
WASI_FSIQ_SumTScores,1
WASI_Perf_SumTScores,1
WASI_Verbal_SumTScores,1
CMAT_Addition_Raw,1
CMAT_Addition_StS,1
CMAT_BasicCalc_Comp_Quotient,1
CMAT_Division_Raw,1
CMAT_Division_StS,1
CMAT_Multiplication_Raw,1
CMAT_Multiplication_StS,1
CMAT_Subtraction_Raw,1
CMAT_Subtraction_StS,1
TOMA-2_Attitudes_Raw,1
TOMA-2_Attitudes_StS,1
Button_order,1
Eating_Disorder,1
Ethnicity,1
height_ft,1
height_total_inches,1
Learning_Attention_Disorder,1
Medications_Drug_use,1
Mental_Health_Disorder,1
Neurological_Disorder,1
Race,1
Task_order,1
Traumatic_Head_injury,1
Vision,1
insulin_change,1
ses-1_glucose_t-0,1
ses-1_glucose_t-120,1
ses-1_glucose_t-15,1
ses-1_glucose_t-30,1
ses-1_glucose_t-60,1
ses-1_glucose_t-90,1
ses-1_insulin_t-0,1
ses-1_insulin_t-120,1
ses-1_insulin_t-15,1
ses-1_insulin_t-30,1
ses-1_insulin_t-60,1
ses-1_insulin_t-90,1
ses-1_lcs_days,1
ses-1_lcs_total,1
ses-1_SPT,1
ses-1_ssb_days,1
ses-1_ssb_total,1
ses-2_glucose_t-0,1
ses-2_glucose_t-120,1
ses-2_glucose_t-15,1
ses-2_glucose_t-30,1
ses-2_glucose_t-60,1
ses-2_glucose_t-90,1
ses-2_insulin_t-0,1
ses-2_insulin_t-120,1
ses-2_insulin_t-15,1
ses-2_insulin_t-30,1
ses-2_insulin_t-90,1
ses-2_lcs_days,1
ses-2_lcs_total,1
ses-2_SPT,1
ses-2_ssb_days,1
ses-2_ssb_total,1
ses-2_insulin_t-60,1
AnyAnx_f,1
AnyAnx_p,1
GADDx_f,1
GADDx_p,1
GADSx_f,1
GADSx_p,1
Imp_f,1
Imp_P,1
InternSx_f,1
InternSx_p,1
jsex,1
poverty,1
SADDx_f,1
SADDx_p,1
SADSx_f,1
SADSx_p,1
ScanAge,1
scanner,1
SOCDx_f,1
SOCDx_p,1
SOCSx_f,1
SOCSx_p,1
SUBJECTID,1
Imp_p,1
Cafeine use (compared to pre-op),1
height (cm)(pre-op),1
Alcohol use (compared to pre-op),1
Smoking (compared to pre-op),1
Sport frequency (compared to pre-op),1
weight (kg)(pre-op),1
first_ses,1
age at baseline,1
age at onset first CB use,1
age at onset frequent CB use,1
audit total baseline,1
audit total follow-up,1
cudit total baseline,1
cudit total follow-up,1
atCoder_Rate,1
edinburgh_LQ,1
performance_MRI,1
performance_Subcategory,1
performance_Training,1
recruite_Criteria,1
age_ses-T1_AANonWord_run-01,1
age_ses-T1_AANonWord_run-02,1
age_ses-T1_AAWord_run-01,1
age_ses-T1_AAWord_run-02,1
age_ses-T1_AVNonWord_run-01,1
age_ses-T1_AVNonWord_run-02,1
age_ses-T1_AVWord_run-01,1
age_ses-T1_AVWord_run-02,1
age_ses-T1_dwi,1
age_ses-T1_phenotype,1
age_ses-T1_T1w,1
age_ses-T1_VVNonWord_run-01,1
age_ses-T1_VVNonWord_run-02,1
age_ses-T1_VVWord_run-01,1
age_ses-T1_VVWord_run-02,1
age_ses-T2_phenotype,1
age_ses-T2_T1w,1
age_ses-T2_VVNonWord_run-01,1
age_ses-T2_VVNonWord_run-02,1
age_ses-T2_VVWord_run-01,1
age_ses-T2_VVWord_run-02,1
scandate,1
rLEF,1
bart,1
bht,1
ghost_NoGhost,1
pamenc,1
pamret,1
ScannerSerialNumber,1
scap,1
stopsignal,1
taskswitch,1
factor_alogia,1
factor_anhedonia,1
factor_attention,1
factor_avolition,1
factor_bluntaffect,1
global_alogia,1
global_anhedonia,1
global_attention,1
global_avolition,1
global_bluntaffect,1
sans10,1
sans11,1
sans12,1
sans14,1
sans15,1
sans16,1
sans18,1
sans19,1
sans20,1
sans21,1
sans23,1
sans24,1
sans3,1
sans4,1
sans5,1
sans6,1
sans7,1
sans9,1
rk_caccp,1
rk_encacc,1
rk_kcacc,1
rk_kcaccp,1
rk_konecorrect,1
rk_kresponse,1
rk_krt,1
rk_ktwocorrect,1
rk_kwacc,1
rk_kwaccp,1
rk_kzerocorrect,1
rk_nfoils,1
rk_notrnotk,1
rk_nsi,1
rk_percentkonecorrect,1
rk_percentktwocorrect,1
rk_percentkzerocorrect,1
rk_percentronecorrect,1
rk_percentrtwocorrect,1
rk_percentrzerocorrect,1
rk_rcacc,1
rk_rcaccp,1
rk_recfn,1
rk_recfp,1
rk_recfp_k,1
rk_recfp_r,1
rk_recpfp,1
rk_recpfp_k,1
rk_recpfp_r,1
rk_recptp,1
rk_recso,1
rk_rectn,1
rk_rectp,1
rk_recuo,1
rk_rkone,1
rk_rktwo,1
rk_rkzero,1
rk_ronecorrect,1
rk_rresponse,1
rk_rrt,1
rk_rtwocorrect,1
rk_rwacc,1
rk_rwaccp,1
rk_rzerocorrect,1
rk_tcacc,1
rk_twacc,1
rk_waccp,1
crt_err1,1
crt_err2,1
crt_index,1
crt_ne2,1
crt_nm1,1
crt_nm2,1
crt_pr1,1
crt_pr2,1
crt_time1,1
crt_time2,1
ymrs_score,1
ymrs1,1
ymrs10,1
ymrs11,1
ymrs2,1
ymrs3,1
ymrs4,1
ymrs5,1
ymrs6,1
ymrs7,1
ymrs8,1
ymrs9,1
smnm_main_acc,1
smnm_main_mdrt,1
smnm_main_mn,1
smnm_main_mnrt,1
smnm_main_sdrt,1
smnm_main_tt,1
smnm_manip_acc,1
smnm_manip_mdrt,1
smnm_manip_mn,1
smnm_manip_mnrt,1
smnm_manip_sdrt,1
smnm_manip_tt,1
smnm_trialcount,1
la2kcolor_colordeficiency,1
la2kcolor_nottrace,1
la2kcolor_nox,1
plate1,1
plate10,1
plate11,1
plate12,1
plate13,1
plate14purple,1
plate14red,1
plate2,1
plate3,1
plate4,1
plate5,1
plate6,1
plate7,1
plate8,1
plate9,1
adhd_b,1
adhd_c_dx,1
adhd_c_ina_a1,1
adhd_c_ina_a2,1
adhd_c_ina_a3,1
adhd_c_ina_a4,1
adhd_c_ina_c1,1
adhd_c_ina_c3,1
adhd_c_ina_c4,1
adhd_c_subtype,1
adhd_e_adult,1
adhd_e_child,1
adhd_f_adult,1
adhd_f_child,1
adhd_f_child_dsm,1
adhd_f_child_dx,1
adhd_f_child_subtype,1
adult_attention,1
adult_attentionseverity,1
adult_duration,1
adult_hyperactivity,1
adult_hyperactivityseverity,1
adult_impairment,1
adult_totalseverity,1
adult_totalsymptoms,1
adultadhd1,1
adultadhd10,1
adultadhd11,1
adultadhd12,1
adultadhd13,1
adultadhd14,1
adultadhd15,1
adultadhd16,1
adultadhd17,1
adultadhd18,1
adultadhd19,1
adultadhd2,1
adultadhd20,1
adultadhd21,1
adultadhd22,1
adultadhd23,1
adultadhd24,1
adultadhd25,1
adultadhd26,1
adultadhd27,1
adultadhd28,1
adultadhd29,1
adultadhd3,1
adultadhd30,1
adultadhd31,1
adultadhd32,1
adultadhd33,1
adultadhd34,1
adultadhd35,1
adultadhd36,1
adultadhd37,1
adultadhd38,1
adultadhd39,1
adultadhd4,1
adultadhd5,1
adultadhd6,1
adultadhd7,1
adultadhd8,1
adultadhd9,1
childadhd,1
childadhd1,1
childadhd10,1
childadhd11,1
childadhd12,1
childadhd13,1
childadhd14,1
childadhd15,1
childadhd16,1
childadhd17,1
childadhd18,1
childadhd19,1
childadhd2,1
childadhd20,1
childadhd20age,1
childadhd21,1
childadhd22,1
childadhd23,1
childadhd24,1
childadhd25,1
childadhd26,1
childadhd27,1
childadhd28,1
childadhd29,1
childadhd3,1
childadhd30,1
childadhd31,1
childadhd32,1
childadhd33,1
childadhd34,1
childadhd35,1
childadhd36,1
childadhd37,1
childadhd38,1
childadhd39,1
childadhd4,1
childadhd40,1
childadhd5,1
childadhd6,1
childadhd7,1
childadhd8,1
childadhd9,1
barratt1,1
barratt10,1
barratt11,1
barratt12,1
barratt13,1
barratt14,1
barratt15,1
barratt16,1
barratt17,1
barratt18,1
barratt19,1
barratt2,1
barratt20,1
barratt21,1
barratt22,1
barratt23,1
barratt24,1
barratt25,1
barratt26,1
barratt27,1
barratt28,1
barratt29,1
barratt3,1
barratt30,1
barratt4,1
barratt5,1
barratt6,1
barratt7,1
barratt8,1
barratt9,1
bis_1atten,1
bis_1cogcom,1
bis_1coginst,1
bis_1mot,1
bis_1pers,1
bis_1sc,1
bis_2attimp,1
bis_2motimp,1
bis_2npimp,1
bis_briefbis,1
bis_factor1,1
bis_factor1_ci,1
bis_factor2,1
bis_factor2_bi,1
bis_parcel1,1
bis_parcel10,1
bis_parcel11,1
bis_parcel2,1
bis_parcel3,1
bis_parcel4,1
bis_parcel5,1
bis_parcel6,1
bis_parcel7,1
bis_parcel8,1
bis_parcel9,1
lns_llns,1
lns_totalraw,1
mr_time1,1
mr_time1_s,1
mr_time10,1
mr_time10_s,1
mr_time11,1
mr_time11_s,1
mr_time12,1
mr_time12_s,1
mr_time13,1
mr_time13_s,1
mr_time14,1
mr_time14_s,1
mr_time15,1
mr_time15_s,1
mr_time16,1
mr_time16_s,1
mr_time17,1
mr_time17_s,1
mr_time18,1
mr_time18_s,1
mr_time19,1
mr_time19_s,1
mr_time2,1
mr_time2_s,1
mr_time20,1
mr_time20_s,1
mr_time21,1
mr_time21_s,1
mr_time22,1
mr_time22_s,1
mr_time23,1
mr_time23_s,1
mr_time24,1
mr_time24_s,1
mr_time25,1
mr_time25_s,1
mr_time26,1
mr_time26_s,1
mr_time3,1
mr_time3_s,1
mr_time4,1
mr_time4_s,1
mr_time5,1
mr_time5_s,1
mr_time6,1
mr_time6_s,1
mr_time7,1
mr_time7_s,1
mr_time8,1
mr_time8_s,1
mr_time9,1
mr_time9_s,1
mr_totalraw,1
voc_totalraw,1
visualacuity,1
asrs_exclusionscore,1
asrs_flag,1
asrs_score,1
aviodstart,1
fidget,1
finaldetail,1
organize,1
overactive,1
remappointment,1
assessqdisorder,1
assessqother,1
assessqrapport,1
assessqsymptom,1
assessquncooprative,1
bprs_depanx,1
bprs_mania,1
bprs_negative,1
bprs_positive,1
bprs1,1
bprs10,1
bprs11,1
bprs12,1
bprs13,1
bprs14,1
bprs15,1
bprs16,1
bprs17,1
bprs18,1
bprs19,1
bprs2,1
bprs20,1
bprs21,1
bprs22,1
bprs23,1
bprs24,1
bprs3,1
bprs4,1
bprs5,1
bprs6,1
bprs7,1
bprs8,1
bprs9,1
confidencassess,1
srcchart,1
srcother,1
srcpatient,1
srcprofessional,1
srcrelatives,1
vcap_average_corr,1
vcap_capacity3,1
vcap_capacity5,1
vcap_capacity7,1
vcap_capacity9,1
vcap_corr_fa3,1
vcap_corr_fa5,1
vcap_corr_fa7,1
vcap_corr_fa9,1
vcap_corr_hit3,1
vcap_corr_hit5,1
vcap_corr_hit7,1
vcap_corr_hit9,1
vcap_max_capac,1
vcap_practice_trial_count,1
vcap_trial_count,1
vcap3_correct_sum,1
vcap3_correctrt_mean,1
vcap3_fn_sum,1
vcap3_fnrt_mean,1
vcap3_fp_sum,1
vcap3_fprt_mean,1
vcap3_omissions_sum,1
vcap3_omissionsno_sum,1
vcap3_omissionsyes_sum,1
vcap3_tn_sum,1
vcap3_tnrt_mean,1
vcap3_tp_sum,1
vcap3_tprt_mean,1
vcap5_correct_sum,1
vcap5_correctrt_mean,1
vcap5_fn_sum,1
vcap5_fnrt_mean,1
vcap5_fp_sum,1
vcap5_fprt_mean,1
vcap5_omissions_sum,1
vcap5_omissionsno_sum,1
vcap5_omissionsyes_sum,1
vcap5_tn_sum,1
vcap5_tnrt_mean,1
vcap5_tp_sum,1
vcap5_tprt_mean,1
vcap7_correct_sum,1
vcap7_correctrt_mean,1
vcap7_fn_sum,1
vcap7_fnrt_mean,1
vcap7_fp_sum,1
vcap7_fprt_mean,1
vcap7_omissions_sum,1
vcap7_omissionsno_sum,1
vcap7_omissionsyes_sum,1
vcap7_tn_sum,1
vcap7_tnrt_mean,1
vcap7_tp_sum,1
vcap7_tprt_mean,1
vcap9_correct_sum,1
vcap9_correctrt_mean,1
vcap9_fn_sum,1
vcap9_fnrt_mean,1
vcap9_fp_sum,1
vcap9_fprt_mean,1
vcap9_omissions_sum,1
vcap9_omissionsno_sum,1
vcap9_omissionsyes_sum,1
vcap9_tn_sum,1
vcap9_tnrt_mean,1
vcap9_tp_sum,1
vcap9_tprt_mean,1
adopt,1
children_num,1
cigs,1
cigs_cigs,1
cigs_mons,1
cigs_pack,1
cigs_past,1
cigs_yrs,1
civil_stat,1
language1,1
language2,1
marriage_num,1
race_1,1
race_2,1
race_3,1
race_main,1
religion,1
residence,1
school_back,1
school_degree,1
school_yrs,1
sexuality,1
sexuality_opt,1
ha1,1
ha2,1
ha3,1
ha4,1
harmavoidance,1
novelty,1
ns3,1
ns4,1
persistance,1
ps1,1
ps4,1
rd1,1
rd3,1
rd4,1
reward_dependence,1
tci100t,1
tci102t,1
tci108t,1
tci109t,1
tci110t,1
tci111p,1
tci112t,1
tci113t,1
tci114p,1
tci114t,1
tci117p,1
tci117t,1
tci119p,1
tci119t,1
tci120t,1
tci126p,1
tci129p,1
tci129t,1
tci12t,1
tci130t,1
tci131t,1
tci134p,1
tci137p,1
tci139t,1
tci13t,1
tci140p,1
tci141t,1
tci142t,1
tci143t,1
tci144t,1
tci146p,1
tci147t,1
tci148t,1
tci149t,1
tci14t,1
tci153p,1
tci154t,1
tci155t,1
tci156t,1
tci157t,1
tci158p,1
tci158t,1
tci163p,1
tci164t,1
tci165t,1
tci167t,1
tci173p,1
tci174t,1
tci180t,1
tci181t,1
tci182t,1
tci183t,1
tci187t,1
tci188t,1
tci189p,1
tci189t,1
tci191p,1
tci191t,1
tci192t,1
tci193t,1
tci197p,1
tci19t,1
tci1t,1
tci200p,1
tci201t,1
tci202p,1
tci202t,1
tci203t,1
tci204t,1
tci207p,1
tci209t,1
tci20t,1
tci210t,1
tci211t,1
tci212t,1
tci213t,1
tci217t,1
tci219t,1
tci21t,1
tci224t,1
tci225t,1
tci226t,1
tci228p,1
tci229p,1
tci22p,1
tci22t,1
tci230t,1
tci231t,1
tci236t,1
tci237t,1
tci238p,1
tci238t,1
tci239t,1
tci240p,1
tci240t,1
tci26t,1
tci27t,1
tci28t,1
tci29t,1
tci2t,1
tci34t,1
tci35t,1
tci37p,1
tci3t,1
tci41t,1
tci42t,1
tci43t,1
tci44t,1
tci45p,1
tci46t,1
tci52t,1
tci53t,1
tci54t,1
tci55p,1
tci55t,1
tci5p,1
tci60p,1
tci61t,1
tci62p,1
tci63t,1
tci65t,1
tci66t,1
tci67t,1
tci68t,1
tci70t,1
tci71t,1
tci72p,1
tci76p,1
tci79t,1
tci80t,1
tci81t,1
tci82t,1
tci83t,1
tci8p,1
tci91t,1
tci92t,1
tci94p,1
tci99t,1
validity,1
ds_btrs,1
ds_ftrs,1
ds_ldsb,1
ds_ldsf,1
ds_ldss,1
ds_strs,1
ds_totalraw,1
ssp_totalraw,1
vr1ir_time1,1
vr1ir_time2,1
vr1ir_time3,1
vr1ir_time4,1
vr1ir_time5,1
vr1ir_total1,1
vr1ir_total2,1
vr1ir_total3,1
vr1ir_total4,1
vr1ir_total5,1
vr1ir_totalraw,1
vr2dr_time1,1
vr2dr_time2,1
vr2dr_time3,1
vr2dr_time4,1
vr2dr_time5,1
vr2dr_total1,1
vr2dr_total2,1
vr2dr_total3,1
vr2dr_total4,1
vr2dr_total5,1
vr2dr_totalraw,1
vr2r_totalraw,1
ant_cc_mn_ac,1
ant_cc_mn_rt,1
ant_cc_std_ac,1
ant_cc_std_rt,1
ant_cc_trials,1
ant_ci_mn_ac,1
ant_ci_mn_rt,1
ant_ci_std_ac,1
ant_ci_std_rt,1
ant_ci_trials,1
ant_cn_mn_ac,1
ant_cn_mn_rt,1
ant_cn_std_ac,1
ant_cn_std_rt,1
ant_cn_trials,1
ant_conflict_acc_effect,1
ant_conflict_rt_effect,1
ant_ic_mn_ac,1
ant_ic_mn_rt,1
ant_ic_std_ac,1
ant_ic_std_rt,1
ant_ic_trials,1
ant_ii_mn_ac,1
ant_ii_mn_rt,1
ant_ii_std_ac,1
ant_ii_std_rt,1
ant_ii_trials,1
ant_in_mn_ac,1
ant_in_mn_rt,1
ant_in_std_ac,1
ant_in_std_rt,1
ant_in_trials,1
ant_mean_acccomerrcon,1
ant_mean_acccomerrinc,1
ant_mean_acccomerrneu,1
ant_mean_accomierrcon,1
ant_mean_accomierrinc,1
ant_mean_accomierrneu,1
ant_mean_rtcon,1
ant_mean_rtinc,1
ant_mean_rtneu,1
ant_median_acccon,1
ant_median_accinc,1
ant_median_accneu,1
ant_median_rtcon,1
ant_median_rtinc,1
ant_median_rtneu,1
ant_nc_mn_ac,1
ant_nc_mn_rt,1
ant_nc_std_ac,1
ant_nc_std_rt,1
ant_nc_trials,1
ant_ni_mn_ac,1
ant_ni_mn_rt,1
ant_ni_std_ac,1
ant_ni_std_rt,1
ant_ni_trials,1
ant_nn_mn_ac,1
ant_nn_mn_rt,1
ant_nn_std_ac,1
ant_nn_std_rt,1
ant_nn_trials,1
ant_sd_rtcon,1
ant_sd_rtinc,1
ant_sd_rtneu,1
hand1,1
hand10,1
hand2,1
hand3,1
hand4,1
hand5,1
hand6,1
hand7,1
hand8,1
hand9,1
handscore,1
leftscore,1
leg,1
rightscore,1
tbi1,1
tbi2,1
tbi3,1
tbi4,1
tbifirst,1
tbinumber,1
tbirating,1
tbirecent,1
tbisource,1
scwt_acccon,1
scwt_accinc,1
scwt_cc_mn_ac,1
scwt_cc_mn_rt,1
scwt_cc_std_ac,1
scwt_cc_std_rt,1
scwt_cc_trials,1
scwt_ci_mn_ac,1
scwt_ci_mn_rt,1
scwt_ci_std_ac,1
scwt_ci_std_rt,1
scwt_ci_trials,1
scwt_conflict_acc_effect,1
scwt_conflict_rt_effect,1
scwt_ic_mn_ac,1
scwt_ic_mn_rt,1
scwt_ic_std_ac,1
scwt_ic_std_rt,1
scwt_ic_trials,1
scwt_ii_mn_ac,1
scwt_ii_mn_rt,1
scwt_ii_std_ac,1
scwt_ii_std_rt,1
scwt_ii_trials,1
scwt_meancon,1
scwt_meaninc,1
scwt_mediancon,1
scwt_medianinc,1
scwt_omission,1
scwt_sdcon,1
scwt_sdinc,1
bi1,1
bi10,1
bi11,1
bi12,1
bi13,1
bi14,1
bi15,1
bi16,1
bi17,1
bi18,1
bi19,1
bi2,1
bi20,1
bi21,1
bi22,1
bi23,1
bi24,1
bi25,1
bi26,1
bi27,1
bi28,1
bi29,1
bi3,1
bi30,1
bi4,1
bi5,1
bi6,1
bi7,1
bi8,1
bi9,1
biscore,1
mono1,1
mono10,1
mono11,1
mono12,1
mono13,1
mono14,1
mono15,1
mono16,1
mono17,1
mono18,1
mono19,1
mono2,1
mono20,1
mono21,1
mono22,1
mono23,1
mono24,1
mono25,1
mono26,1
mono27,1
mono28,1
mono29,1
mono3,1
mono30,1
mono4,1
mono5,1
mono6,1
mono7,1
mono8,1
mono9,1
monoscore,1
hamd_17,1
hamd_21,1
hamd_28,1
hamilton1,1
hamilton10,1
hamilton11,1
hamilton12,1
hamilton13,1
hamilton14,1
hamilton15,1
hamilton16a,1
hamilton16b,1
hamilton17,1
hamilton18a,1
hamilton18b,1
hamilton19,1
hamilton2,1
hamilton20,1
hamilton21,1
hamilton22,1
hamilton23,1
hamilton24,1
hamilton25,1
hamilton26,1
hamilton27,1
hamilton28,1
hamilton3,1
hamilton4,1
hamilton5,1
hamilton6,1
hamilton7,1
hamilton8,1
hamilton9,1
hopkins_anxiety,1
hopkins_depression,1
hopkins_globalseverity,1
hopkins_intsensitivity,1
hopkins_obscomp,1
hopkins_somatization,1
hopkins1,1
hopkins10,1
hopkins11,1
hopkins12,1
hopkins13,1
hopkins14,1
hopkins15,1
hopkins16,1
hopkins17,1
hopkins18,1
hopkins19,1
hopkins2,1
hopkins20,1
hopkins21,1
hopkins22,1
hopkins23,1
hopkins24,1
hopkins25,1
hopkins26,1
hopkins27,1
hopkins28,1
hopkins29,1
hopkins3,1
hopkins30,1
hopkins31,1
hopkins32,1
hopkins33,1
hopkins34,1
hopkins35,1
hopkins36,1
hopkins37,1
hopkins38,1
hopkins39,1
hopkins4,1
hopkins40,1
hopkins41,1
hopkins42,1
hopkins43,1
hopkins44,1
hopkins45,1
hopkins46,1
hopkins47,1
hopkins48,1
hopkins49,1
hopkins5,1
hopkins50,1
hopkins51,1
hopkins52,1
hopkins53,1
hopkins54,1
hopkins55,1
hopkins56,1
hopkins57,1
hopkins58,1
hopkins6,1
hopkins7,1
hopkins8,1
hopkins9,1
factor_bizarrebehav,1
factor_delusions,1
factor_hallucinations,1
factor_inappaffect,1
factor_posformalthought,1
global_bizarrebehav,1
global_delusions,1
global_hallucinations,1
global_inappaffect,1
global_posformalthought,1
saps1,1
saps10,1
saps11,1
saps12,1
saps13,1
saps14,1
saps15,1
saps16,1
saps17,1
saps18,1
saps19,1
saps21,1
saps22,1
saps23,1
saps24,1
saps26,1
saps27,1
saps28,1
saps29,1
saps30,1
saps31,1
saps32,1
saps33,1
saps35,1
saps4,1
saps5,1
saps6,1
saps8,1
saps9,1
bilingual,1
languagespeaking,1
bart_blueexplosions,1
bart_cashoutwopump,1
bart_coefvar,1
bart_coefvarblue,1
bart_coefvarred,1
bart_meanadjustedpumps,1
bart_meanblueadjustedpumps,1
bart_meanblueafterexpl,1
bart_meanredadjustedpumps,1
bart_meanredafterexpl,1
bart_meanrt,1
bart_meanrtblue,1
bart_meanrtred,1
bart_medianrt,1
bart_quart1blueadjustedpumps,1
bart_quart1redadjustedpumps,1
bart_quart2blueadjustedpumps,1
bart_quart2redadjustedpumps,1
bart_quart3blueadjustedpumps,1
bart_quart3redadjustedpumps,1
bart_quart4blueadjustedpumps,1
bart_quart4redadjustedpumps,1
bart_ratiomeanredtoblueadjpumps,1
bart_redexplosions,1
bart_sdadjustedpumps,1
bart_sdblueadjustedpumps,1
bart_sdredadjustedpumps,1
bart_sdrt,1
bart_totaladjustedpumps,1
bart_totalpointssession,1
bart_trialcomp,1
med_days1,1
med_days10,1
med_days11,1
med_days12,1
med_days13,1
med_days14,1
med_days15,1
med_days16,1
med_days17,1
med_days18,1
med_days19,1
med_days2,1
med_days20,1
med_days3,1
med_days4,1
med_days5,1
med_days6,1
med_days7,1
med_days8,1
med_days9,1
med_dos1,1
med_dos10,1
med_dos11,1
med_dos12,1
med_dos13,1
med_dos14,1
med_dos15,1
med_dos16,1
med_dos17,1
med_dos18,1
med_dos19,1
med_dos2,1
med_dos20,1
med_dos3,1
med_dos4,1
med_dos5,1
med_dos6,1
med_dos7,1
med_dos8,1
med_dos9,1
med_dur1,1
med_dur10,1
med_dur11,1
med_dur12,1
med_dur13,1
med_dur14,1
med_dur15,1
med_dur16,1
med_dur17,1
med_dur18,1
med_dur19,1
med_dur2,1
med_dur20,1
med_dur3,1
med_dur4,1
med_dur5,1
med_dur6,1
med_dur7,1
med_dur8,1
med_dur9,1
med_name1,1
med_name10,1
med_name11,1
med_name12,1
med_name13,1
med_name14,1
med_name15,1
med_name16,1
med_name17,1
med_name18,1
med_name19,1
med_name2,1
med_name20,1
med_name3,1
med_name4,1
med_name5,1
med_name6,1
med_name7,1
med_name8,1
med_name9,1
med_prn1,1
med_prn10,1
med_prn11,1
med_prn12,1
med_prn13,1
med_prn14,1
med_prn15,1
med_prn16,1
med_prn17,1
med_prn18,1
med_prn19,1
med_prn2,1
med_prn20,1
med_prn3,1
med_prn4,1
med_prn5,1
med_prn6,1
med_prn7,1
med_prn8,1
med_prn9,1
med_use1,1
med_use10,1
med_use11,1
med_use12,1
med_use13,1
med_use14,1
med_use15,1
med_use16,1
med_use17,1
med_use18,1
med_use19,1
med_use2,1
med_use20,1
med_use3,1
med_use4,1
med_use5,1
med_use6,1
med_use7,1
med_use8,1
med_use9,1
chaphypo_total,1
chaphypo1,1
chaphypo10,1
chaphypo11,1
chaphypo12,1
chaphypo13,1
chaphypo14,1
chaphypo15,1
chaphypo16,1
chaphypo17,1
chaphypo18,1
chaphypo19,1
chaphypo2,1
chaphypo20,1
chaphypo21,1
chaphypo22,1
chaphypo23,1
chaphypo24,1
chaphypo25,1
chaphypo26,1
chaphypo27,1
chaphypo28,1
chaphypo29,1
chaphypo3,1
chaphypo30,1
chaphypo31,1
chaphypo32,1
chaphypo33,1
chaphypo34,1
chaphypo35,1
chaphypo36,1
chaphypo37,1
chaphypo38,1
chaphypo39,1
chaphypo4,1
chaphypo40,1
chaphypo41,1
chaphypo42,1
chaphypo43,1
chaphypo44,1
chaphypo45,1
chaphypo46,1
chaphypo47,1
chaphypo48,1
chaphypo5,1
chaphypo6,1
chaphypo7,1
chaphypo8,1
chaphypo9,1
bro1,1
bro2,1
bro3,1
bro4,1
bro5,1
bro6,1
bro7,1
child,1
dad,1
dyflsch,1
fralarm,1
frdark,1
frhr,1
frlight,1
frmn,1
frmnnap,1
frmnslp,1
frmnup,1
frnap,1
frprnts,1
frprntslp,1
mom,1
numbro,1
numsis,1
partner,1
present,1
regsch,1
sis1,1
sis2,1
sis3,1
sis4,1
sis5,1
sis6,1
sis7,1
teen,1
wkalarm,1
wkhr,1
wkmn,1
wkmnnap,1
wkmnslp,1
wkmnup,1
wknap,1
eysenck1,1
eysenck10,1
eysenck11,1
eysenck12,1
eysenck13,1
eysenck14,1
eysenck15,1
eysenck16,1
eysenck17,1
eysenck18,1
eysenck19,1
eysenck2,1
eysenck20,1
eysenck21,1
eysenck22,1
eysenck23,1
eysenck24,1
eysenck25,1
eysenck26,1
eysenck27,1
eysenck28,1
eysenck29,1
eysenck3,1
eysenck30,1
eysenck31,1
eysenck32,1
eysenck33,1
eysenck34,1
eysenck35,1
eysenck36,1
eysenck37,1
eysenck38,1
eysenck39,1
eysenck4,1
eysenck40,1
eysenck41,1
eysenck42,1
eysenck43,1
eysenck44,1
eysenck45,1
eysenck46,1
eysenck47,1
eysenck48,1
eysenck49,1
eysenck5,1
eysenck50,1
eysenck51,1
eysenck52,1
eysenck53,1
eysenck54,1
eysenck6,1
eysenck7,1
eysenck8,1
eysenck9,1
scoree,1
scorei,1
scorev,1
scid_alc1,1
scid_alc2,1
scid_alc3,1
scid_alc4,1
scid_alc5,1
scid_alc6,1
scid_alc7,1
scid_alc8,1
scid_anx1,1
scid_anx2,1
scid_anx3,1
scid_anx4,1
scid_anx5,1
scid_anx6,1
scid_anx7,1
scid_anx8,1
scid_dep1,1
scid_dep2,1
scid_dep3,1
scid_dep4,1
scid_dep5,1
scid_dep6,1
scid_dep7,1
scid_dep8,1
scid_dx1,1
scid_dx2,1
scid_dx3,1
scid_dx4,1
scid_dx5,1
scid_dx6,1
scid_dx7,1
scid_dx8,1
scid_dxdef1,1
scid_dxdef2,1
scid_dxdef3,1
scid_dxdef4,1
scid_dxdef5,1
scid_dxdef6,1
scid_dxdef7,1
scid_dxdef8,1
scid_dxdefs1,1
scid_dxdefs2,1
scid_dxdefs3,1
scid_dxdefs4,1
scid_dxdefs5,1
scid_dxdefs6,1
scid_dxdefs7,1
scid_dxdefs8,1
scid_sch1,1
scid_sch2,1
scid_sch3,1
scid_sch4,1
scid_sch5,1
scid_sch6,1
scid_sch7,1
scid_sch8,1
cpt_fa,1
cpt_hits,1
cpt_inh_cnt_1750,1
cpt_inh_cnt_3750,1
cpt_inh_cnt_750,1
cpt_md_h,1
cpt_md_h_1750,1
cpt_md_h_3750,1
cpt_md_h_750,1
cpt_miss,1
cpt_mn_h,1
cpt_mn_h_1750,1
cpt_mn_h_3750,1
cpt_mn_h_750,1
cpt_sd_h,1
cpt_sd_h_1750,1
cpt_sd_h_3750,1
cpt_sd_h_750,1
scap_average_corr,1
scap_capacity1,1
scap_capacity3,1
scap_capacity5,1
scap_capacity7,1
scap_corr_fa1,1
scap_corr_fa3,1
scap_corr_fa5,1
scap_corr_fa7,1
scap_corr_hit1,1
scap_corr_hit3,1
scap_corr_hit5,1
scap_corr_hit7,1
scap_max_capac,1
scap_practice_trial_count,1
scap_trial_count,1
scap1_correct_sum,1
scap1_correctrt_mean,1
scap1_fn_sum,1
scap1_fnrt_mean,1
scap1_fp_sum,1
scap1_fprt_mean,1
scap1_omissions_sum,1
scap1_omissionsno_sum,1
scap1_omissionsyes_sum,1
scap1_tn_sum,1
scap1_tnrt_mean,1
scap1_tp_sum,1
scap1_tprt_mean,1
scap3_correct_sum,1
scap3_correctrt_mean,1
scap3_fn_sum,1
scap3_fnrt_mean,1
scap3_fp_sum,1
scap3_fprt_mean,1
scap3_omissions_sum,1
scap3_omissionsno_sum,1
scap3_omissionsyes_sum,1
scap3_tn_sum,1
scap3_tnrt_mean,1
scap3_tp_sum,1
scap3_tprt_mean,1
scap5_correct_sum,1
scap5_correctrt_mean,1
scap5_fn_sum,1
scap5_fnrt_mean,1
scap5_fp_sum,1
scap5_fprt_mean,1
scap5_omissions_sum,1
scap5_omissionsno_sum,1
scap5_omissionsyes_sum,1
scap5_tn_sum,1
scap5_tnrt_mean,1
scap5_tp_sum,1
scap5_tprt_mean,1
scap7_correct_sum,1
scap7_correctrt_mean,1
scap7_fn_sum,1
scap7_fnrt_mean,1
scap7_fp_sum,1
scap7_fprt_mean,1
scap7_omissions_sum,1
scap7_omissionsno_sum,1
scap7_omissionsyes_sum,1
scap7_tn_sum,1
scap7_tnrt_mean,1
scap7_tp_sum,1
scap7_tprt_mean,1
la2khealth_score,1
la2khealth1,1
la2khealth10,1
la2khealth11,1
la2khealth12,1
la2khealth13,1
la2khealth14,1
la2khealth14s,1
la2khealth15,1
la2khealth16,1
la2khealth17,1
la2khealth18,1
la2khealth18_gain,1
la2khealth18_lost,1
la2khealth19,1
la2khealth2,1
la2khealth20,1
la2khealth21,1
la2khealth3,1
la2khealth4,1
la2khealth5,1
la2khealth6,1
la2khealth7,1
la2khealth8,1
la2khealth9,1
wt,1
sr_acc_enc,1
sr_acc_rec,1
sr_enc_priming_acc,1
sr_enc_priming_rt,1
sr_mean_acc_enc_rep1,1
sr_mean_acc_enc_rep2,1
sr_mean_acc_enc_rep3,1
sr_mean_acc_rec_rep0,1
sr_mean_acc_rec_rep3,1
sr_mean_enc_rep1,1
sr_mean_enc_rep2,1
sr_mean_enc_rep3,1
sr_mean_rea_rec_rep0,1
sr_mean_rea_rec_rep3,1
sr_median_enc_rep1,1
sr_median_enc_rep2,1
sr_median_enc_rep3,1
sr_median_rec_rep0,1
sr_median_rec_rep3,1
sr_omi_enc,1
sr_omi_rec,1
sr_reaction_enc,1
sr_reaction_rec,1
sr_rec_explicitlearning_acc,1
sr_rec_explicitlearning_rt,1
sr_sd_enc_rep1,1
sr_sd_enc_rep2,1
sr_sd_enc_rep3,1
sr_sd_rec_rep0,1
sr_sd_rec_rep3,1
mpq_score,1
mpq103,1
mpq112,1
mpq12,1
mpq124,1
mpq136,1
mpq147,1
mpq159,1
mpq172,1
mpq185,1
mpq195,1
mpq2,1
mpq209,1
mpq219,1
mpq234,1
mpq24,1
mpq243,1
mpq251,1
mpq266,1
mpq38,1
mpq47,1
mpq57,1
mpq70,1
mpq79,1
mpq92,1
sst_bk1_direction_errors,1
sst_bk1_endtrial,1
sst_bk1_ladder1mean,1
sst_bk1_ladder2mean,1
sst_bk1_mean_rt,1
sst_bk1_median_rt,1
sst_bk1_pctinhib_ladder1,1
sst_bk1_pctinhib_ladder2,1
sst_bk1_percent_go_response,1
sst_bk1_percent_inhib,1
sst_bk1_quant_rt,1
sst_bk1_quantilevalue,1
sst_bk1_ssd50,1
sst_bk1_ssrt,1
sst_bk1_ssrt_quant,1
sst_bk1_stdev_rt,1
sst_bk2_direction_errors,1
sst_bk2_endtrial,1
sst_bk2_ladder1mean,1
sst_bk2_ladder2mean,1
sst_bk2_mean_rt,1
sst_bk2_median_rt,1
sst_bk2_pctinhib_ladder1,1
sst_bk2_pctinhib_ladder2,1
sst_bk2_percent_go_response,1
sst_bk2_percent_inhib,1
sst_bk2_quant_rt,1
sst_bk2_quantilevalue,1
sst_bk2_ssd50,1
sst_bk2_ssrt,1
sst_bk2_ssrt_quant,1
sst_bk2_stdev_rt,1
sst_ses_direction_errors,1
sst_ses_ladder1mean,1
sst_ses_ladder2mean,1
sst_ses_mean_rt,1
sst_ses_median_rt,1
sst_ses_pctinhib_ladder1,1
sst_ses_pctinhib_ladder2,1
sst_ses_percent_go_response,1
sst_ses_percent_inhib,1
sst_ses_quant_rt,1
sst_ses_quantilevalue,1
sst_ses_ssd50,1
sst_ses_ssrt,1
sst_ses_ssrt_quant,1
sst_ses_stdev_rt,1
a_four,1
a_one,1
a_three,1
a_total,1
a_two,1
arep,1
asle,1
etotal,1
f_four,1
f_one,1
f_three,1
f_total,1
f_two,1
frep,1
fsle,1
s_four,1
s_one,1
s_three,1
s_two,1
srep,1
ssle,1
total_rep,1
total_sle,1
golden_sumscore,1
golden1,1
golden2,1
golden3,1
golden4,1
golden5,1
golden6,1
golden7,1
adhd1,1
adhd10,1
adhd11,1
adhd2,1
adhd3,1
adhd4,1
adhd5,1
adhd6,1
adhd7,1
adhd8,1
adhd9,1
vmnm_main_acc,1
vmnm_main_mdrt,1
vmnm_main_mn,1
vmnm_main_mnrt,1
vmnm_main_sdrt,1
vmnm_main_tt,1
vmnm_manip_acc,1
vmnm_manip_mdrt,1
vmnm_manip_mn,1
vmnm_manip_mnrt,1
vmnm_manip_sdrt,1
vmnm_manip_tt,1
vmnm_trialcount,1
cvlt_bf,1
cvlt_cor1,1
cvlt_cor2,1
cvlt_cor3,1
cvlt_cor4,1
cvlt_cor5,1
cvlt_cri,1
cvlt_fri,1
cvlt_ind1,1
cvlt_ind2,1
cvlt_ldc,1
cvlt_ldf,1
cvlt_ldfp,1
cvlt_ldh,1
cvlt_ls,1
cvlt_rd,1
cvlt_sdc,1
cvlt_sdf,1
cvlt_ti,1
cvlt_totcor,1
cvlt_tr,1
cvltz_1,1
cvltz_10,1
cvltz_11,1
cvltz_12,1
cvltz_13,1
cvltz_14,1
cvltz_15,1
cvltz_16,1
cvltz_17,1
cvltz_18,1
cvltz_19,1
cvltz_2,1
cvltz_3,1
cvltz_4,1
cvltz_5,1
cvltz_6,1
cvltz_7,1
cvltz_8,1
cvltz_9,1
ddt_items7_typo,1
ddt_large_incon,1
ddt_large_k,1
ddt_log_large_k,1
ddt_log_medium_k,1
ddt_log_small_k,1
ddt_log_total_k,1
ddt_md_rt,1
ddt_medium_incon,1
ddt_medium_k,1
ddt_mn_rt,1
ddt_sd_rt,1
ddt_small_incon,1
ddt_small_k,1
ddt_total_k,1
chapinf_total,1
chapinf1,1
chapinf10,1
chapinf11,1
chapinf12,1
chapinf13,1
chapinf2,1
chapinf3,1
chapinf4,1
chapinf5,1
chapinf6,1
chapinf7,1
chapinf8,1
chapinf9,1
bipolarii1,1
bipolarii10,1
bipolarii11,1
bipolarii12,1
bipolarii13,1
bipolarii14,1
bipolarii15,1
bipolarii16,1
bipolarii17,1
bipolarii18,1
bipolarii19,1
bipolarii2,1
bipolarii20,1
bipolarii21,1
bipolarii22,1
bipolarii23,1
bipolarii24,1
bipolarii25,1
bipolarii26,1
bipolarii27,1
bipolarii28,1
bipolarii29,1
bipolarii3,1
bipolarii30,1
bipolarii31,1
bipolarii4,1
bipolarii5,1
bipolarii6,1
bipolarii7,1
bipolarii8,1
bipolarii9,1
bipollarii_anxiety,1
bipollarii_daydreaming,1
bipollarii_energy,1
bipollarii_mood,1
bipollarii_sumscore,1
dkefss_c,1
dkefss_e,1
dkefss_stotal,1
m_four,1
m_one,1
m_three,1
m_two,1
mrep,1
msle,1
mtotalwords,1
p_four,1
p_one,1
p_three,1
p_two,1
prep,1
psle,1
ptotalwords,1
r_four,1
r_one,1
r_three,1
r_two,1
rrep,1
rsle,1
rtotalwords,1
spantotalrep,1
spantotalsle,1
chapphy_total,1
chapphy1,1
chapphy10,1
chapphy11,1
chapphy12,1
chapphy13,1
chapphy14,1
chapphy15,1
chapphy16,1
chapphy17,1
chapphy18,1
chapphy19,1
chapphy2,1
chapphy20,1
chapphy21,1
chapphy22,1
chapphy23,1
chapphy24,1
chapphy25,1
chapphy26,1
chapphy27,1
chapphy28,1
chapphy29,1
chapphy3,1
chapphy30,1
chapphy31,1
chapphy32,1
chapphy33,1
chapphy34,1
chapphy35,1
chapphy36,1
chapphy37,1
chapphy38,1
chapphy39,1
chapphy4,1
chapphy40,1
chapphy41,1
chapphy42,1
chapphy43,1
chapphy44,1
chapphy45,1
chapphy46,1
chapphy47,1
chapphy48,1
chapphy49,1
chapphy5,1
chapphy50,1
chapphy51,1
chapphy52,1
chapphy53,1
chapphy54,1
chapphy55,1
chapphy56,1
chapphy57,1
chapphy58,1
chapphy59,1
chapphy6,1
chapphy60,1
chapphy61,1
chapphy7,1
chapphy8,1
chapphy9,1
chapsoc_total,1
chapsoc1,1
chapsoc10,1
chapsoc11,1
chapsoc12,1
chapsoc13,1
chapsoc14,1
chapsoc15,1
chapsoc16,1
chapsoc17,1
chapsoc18,1
chapsoc19,1
chapsoc2,1
chapsoc20,1
chapsoc21,1
chapsoc22,1
chapsoc23,1
chapsoc24,1
chapsoc25,1
chapsoc26,1
chapsoc27,1
chapsoc28,1
chapsoc29,1
chapsoc3,1
chapsoc30,1
chapsoc31,1
chapsoc32,1
chapsoc33,1
chapsoc34,1
chapsoc35,1
chapsoc36,1
chapsoc37,1
chapsoc38,1
chapsoc39,1
chapsoc4,1
chapsoc40,1
chapsoc5,1
chapsoc6,1
chapsoc7,1
chapsoc8,1
chapsoc9,1
controlstatus,1
dq_reason,1
flag_reason,1
mriseq,1
mriseq2,1
researchdb,1
switchptid,1
chapper_total,1
chapper1,1
chapper10,1
chapper11,1
chapper12,1
chapper13,1
chapper14,1
chapper15,1
chapper16,1
chapper17,1
chapper18,1
chapper19,1
chapper2,1
chapper20,1
chapper21,1
chapper22,1
chapper23,1
chapper24,1
chapper25,1
chapper26,1
chapper27,1
chapper28,1
chapper29,1
chapper3,1
chapper30,1
chapper31,1
chapper32,1
chapper33,1
chapper34,1
chapper35,1
chapper4,1
chapper5,1
chapper6,1
chapper7,1
chapper8,1
chapper9,1
dick1,1
dick10,1
dick11,1
dick12,1
dick13,1
dick14,1
dick15,1
dick16,1
dick17,1
dick18,1
dick19,1
dick2,1
dick20,1
dick21,1
dick22,1
dick23,1
dick24,1
dick25,1
dick26,1
dick27,1
dick28,1
dick29,1
dick3,1
dick30,1
dick31,1
dick32,1
dick33,1
dick34,1
dick35,1
dick36,1
dick37,1
dick38,1
dick39,1
dick4,1
dick40,1
dick41,1
dick42,1
dick43,1
dick44,1
dick45,1
dick46,1
dick5,1
dick6,1
dick7,1
dick8,1
dick9,1
dysfunc_neg,1
dysfunc_pos,1
dysfunc_total,1
func_neg,1
func_pos,1
func_total,1
trialcount,1
ts_accuracy,1
ts_costlong,1
ts_costshort,1
ts_interference,1
ts_longcongnoswrt,1
ts_longcongswrt,1
ts_longincongnoswrt,1
ts_longincongswrt,1
ts_shortcongnoswrt,1
ts_shortcongswrt,1
ts_shortincongnoswrt,1
ts_shortincongswrt,1
Age (years),1
Cooperativeness (CO),1
Harm Avoidance (HA),1
Novelty Seeking (NS),1
Persistence (P),1
Reward Dependence (RD),1
Self-Directedness (SD),1
Self-Transcedence (ST),1
TR_class,1
age_exam_ses01,1
days_interval_between_ses01_and_ses02,1
dbs_stim_freq,1
eeg,1
hypomania,1
madrs_bl,1
madrs_fu,1
responder,1
study_id,1
ybocs_bl,1
ybocs_fu,1
b_AN-SN,1
b_k,1
b_NumExplAvg,1
b_NumPumps_Avg,1
b_SSRTquant,1
b_TotalAmt_Avg,1
BIS_ATTN,1
BIS_MOTOR,1
BIS_NP,1
BIS_TOTAL,1
BIS/BAS_BAS,1
BIS/BAS_BAS-DRIVE,1
BIS/BAS_BAS-FUNSEEK,1
BIS/BAS_BAS-REWRESP,1
BIS/BAS_BIS,1
CARE_ENGAGING-AGGR/ILLEG,1
CARE_ENGAGING-DRINKING,1
CARE_ENGAGING-DRUG,1
CARE_ENGAGING-SEX,1
CARE_ENGAGING-SPORTS,1
CARE_ENGAGING-TOTAL,1
CARE_NEGCONS-AGGR/ILLEG,1
CARE_NEGCONS-DRINKING,1
CARE_NEGCONS-DRUG,1
CARE_NEGCONS-SEX,1
CARE_NEGCONS-SPORTS,1
CARE_NEGCONS-TOTAL,1
CARE_POSCONS-AGGR/ILLEG,1
CARE_POSCONS-DRINKING,1
CARE_POSCONS-DRUG,1
CARE_POSCONS-SEX,1
CARE_POSCONS-SPORTS,1
CARE_POSCONS-TOTAL,1
COG,1
COG_TOTAL,1
COG.1,1
COG.2,1
CORR,1
DOSPERT_EB-ETH,1
DOSPERT_EB-FIN,1
DOSPERT_EB-HLTH/SAF,1
DOSPERT_EB-REC,1
DOSPERT_EB-SOC,1
DOSPERT_EB-TOTAL,1
DOSPERT_RP-ETH,1
DOSPERT_RP-FIN,1
DOSPERT_RP-HLTH/SAF,1
DOSPERT_RP-REC,1
DOSPERT_RP-SOC,1
DOSPERT_RP-TOTAL,1
DOSPERT_RT-ETH,1
DOSPERT_RT-FIN,1
DOSPERT_RT-HLTH/SAF,1
DOSPERT_RT-REC,1
DOSPERT_RT-SOC,1
DOSPERT_RT-TOTAL,1
FOR,1
GABS_TOTAL,1
m_AN-SN,1
m_logit_k,1
m_NumExplAvg,1
m_NumPumps_Avg,1
m_SSRTquant,1
m_TotalAmt_Avg,1
NEED,1
PANAS_(Post-Pre)-Distressed,1
PANAS_(Post-Pre)-Excited,1
PANAS_(Post-Pre)-Interested,1
PANAS_(Post-Pre)-Strong,1
PANAS_(Post-Pre)-Upset,1
REFLECTION_CONFIDENCE,1
REFLECTION_NUM,1
REFLECTION_NUM.1,1
SEEK,1
SEEK_BOREDOM,1
SEEK_DISINHIB,1
SEEK_EXP,1
SEEK_THRILL,1
SEEK_TOTAL,1
SEEK.1,1
SEEN,1
SENS,1
SENS.1,1
SENS.2,1
SENS.3,1
SENS.4,1
TOTAL,1
Br,1
CorrectRejections,1
DELUproneness,1
FalseAlarms,1
Hits,1
IQverbal,1
LSHS_14,1
LSHSaudit_items57,1
LSHSvoice_items4910,1
Omissions,1
TRcorrectRej,1
TRfalseAlarm,1
TRhit,1
TRmean,1
TRomission,1
VisScore_high,1
VisualScore,1
gptsa_score,1
age (5-year bins),1
validation_session,1
physioSampling,1
restAcquisiotion,1
Child_Adult,1
DCCS Summary,1
FB_Composite,1
FB_Group,1
KBIT_raw,1
KBIT_standard,1
Scanlog: Coil,1
Scanlog: Scanner,1
Scanlog: Slice Gap,1
Scanlog: Voxel slize,1
ToM Booklet-Matched,1
ToM Booklet-Matched-NOFB,1
WPPSI BD raw,1
WPPSI BD scaled,1
"Participant Demographics, Behavioral Data, and Scan Info",1
Dimensional Change Card Sort Metadata,1
Scanlog Metadata,1
Scanlog: Voxel Size,1
route_group,1
ctopp.pa.comp,1
ctopp.rln.raw,1
mcdecode,1
mcpassfluency,1
mrt,1
piat.l.raw,1
piat.r.raw,1
ppvt.raw,1
sspan2.raw,1
wasi.matr.raw,1
Native English Only,1
Total rest minutes,1
age_at_first_scan_years,1
number_of_scans_before,1
comprehension,1
concern_dieting,1
dieting_status,1
restraint_scale,1
weight_fluctuation,1
months_injury_time1,1
months_time1_time2,1
months_time2_time3,1
ACER,1
OSITJ,1
shifted_birthdate,1
study_group,1
tDCS_on_first_day,1
Ambitiousness,1
AnticipatoryWorry,1
Attachment,1
Compassion,1
Disorderliness,1
EagernessofEffort,1
Empathy,1
EnlightenedSecondNature,1
ExploratoryExcitability,1
Extravagance,1
Fatigability,1
FearofUncertainty,1
HarmAvoidance,1
Helpfulness,1
Impulsiveness,1
NoveltySeeking,1
OpennesstoWarmCommunication,1
Perfectionist,1
PureHeartedness,1
Purposefulness,1
Resourcefulness,1
Responsibility,1
RewardDependence,1
SelfAcceptance,1
SelfDirectedness,1
SelfForgetfulness,1
SelfTranscendence,1
Sentimentality,1
Shyness,1
SocialAcceptance,1
SpiritualAcceptance,1
TranspersonalIdentification,1
WorkHardened,1
Alcohol index current,1
Alcohol index lifetime,1
Cafeine index,1
Sport frequency/week,1
tumor size (cub cm),1
Participant_Included,1
Post_hoc_Analysis_Participant_Included,1
Run1_Included,1
Run2_Included,1
Run3_Included,1
Run4_Included,1
appetite_post,1
appetite_pre,1
cycle_phase_covariate,1
days_since_menstruationi,1
diet_importance,1
diet_success,1
oral_contraceptive,1
days_since_menstruation,1